username,articleID,numberEditsByUser
ginkgo100,58221,1
ginkgo100,2312328,1
ginkgo100,420456,1
ginkgo100,4787648,1
ginkgo100,102065,1
ginkgo100,92399,1
ginkgo100,538058,1
ginkgo100,19013315,1
ginkgo100,384999,1
ginkgo100,30876330,1
ginkgo100,535805,1
ginkgo100,3011472,1
ginkgo100,33044028,5
ginkgo100,13433313,4
ginkgo100,1555671,1
ginkgo100,83449,1
ginkgo100,80332,3
ginkgo100,21956596,1
ginkgo100,25071854,1
ginkgo100,21466012,1
ginkgo100,23512552,1
ginkgo100,16946852,1
ginkgo100,1494,1
ginkgo100,17896035,1
ginkgo100,288210,3
ginkgo100,1869857,1
ginkgo100,806538,2
ginkgo100,21005792,1
ginkgo100,12667,1
ginkgo100,23963,1
ginkgo100,45936,1
ginkgo100,18568127,1
ginkgo100,286392,1
ginkgo100,149644,1
ginkgo100,2099019,1
ginkgo100,20782785,1
ginkgo100,21848,1
ginkgo100,457905,2
ginkgo100,52000,1
ginkgo100,1190487,1
ginkgo100,4786098,1
ginkgo100,2822,1
ginkgo100,7632,1
ginkgo100,52098,1
ginkgo100,723549,1
ginkgo100,32524511,1
ginkgo100,618991,1
ginkgo100,159856,1
ginkgo100,25152964,1
ginkgo100,390530,1
ginkgo100,10833705,1
ginkgo100,9482,1
ginkgo100,27879822,1
ginkgo100,25114529,3
ginkgo100,28851134,1
ginkgo100,166029,2
ginkgo100,20826,1
ginkgo100,21536939,5
ginkgo100,34185,2
ginkgo100,28289557,1
ginkgo100,20728122,1
ginkgo100,8833400,1
ginkgo100,17077015,4
ginkgo100,888171,1
ginkgo100,30782566,1
ginkgo100,15731061,1
ginkgo100,16197637,1
ginkgo100,4901146,1
ginkgo100,3707072,1
ginkgo100,675277,1
ginkgo100,351269,2
ginkgo100,10445002,2
ginkgo100,4757087,1
ginkgo100,48362,1
ginkgo100,24242235,1
ginkgo100,33075848,1
ginkgo100,73165,2
ginkgo100,24742969,1
ginkgo100,17077516,2
ginkgo100,559292,1
ginkgo100,5160010,1
ginkgo100,17159479,1
ginkgo100,547154,1
ginkgo100,1792890,1
ginkgo100,10568177,1
ginkgo100,685428,1
ginkgo100,3097810,1
ginkgo100,17215813,1
ginkgo100,16197646,1
ginkgo100,694740,1
ginkgo100,624912,1
ginkgo100,16277070,2
ginkgo100,2333116,1
ginkgo100,30717701,1
ginkgo100,24737975,1
ginkgo100,19471303,1
ginkgo100,57713,1
ginkgo100,1524906,2
ginkgo100,13974541,1
ginkgo100,21373347,1
ginkgo100,27711384,1
ginkgo100,4045760,1
ginkgo100,1341151,1
ginkgo100,5580522,2
ginkgo100,410131,1
ginkgo100,25190699,1
ginkgo100,769166,1
ginkgo100,1771587,3
ginkgo100,234393,1
ginkgo100,19075384,1
ginkgo100,27879599,2
ginkgo100,12256383,1
ginkgo100,6035,1
ginkgo100,200033,1
ginkgo100,8729253,1
ginkgo100,12319758,1
ginkgo100,9776346,1
ginkgo100,14938775,1
ginkgo100,26508916,4
ginkgo100,21496038,1
ginkgo100,15832610,12
ginkgo100,6673432,1
ginkgo100,203182,1
ginkgo100,53951,1
ginkgo100,20728096,2
ginkgo100,619925,1
ginkgo100,15842578,1
ginkgo100,1562000,1
ginkgo100,7168931,1
ginkgo100,513093,1
ginkgo100,2294818,1
ginkgo100,3572371,1
ginkgo100,370268,1
ginkgo100,30703152,1
ginkgo100,259335,1
ginkgo100,647417,1
ginkgo100,20083491,1
ginkgo100,486429,1
ginkgo100,32863484,1
ginkgo100,21956562,4
ginkgo100,456838,1
ginkgo100,82181,1
ginkgo100,28527188,2
ginkgo100,233082,1
ginkgo100,3469533,2
ginkgo100,18529537,1
ginkgo100,24027,2
ginkgo100,288343,1
ginkgo100,11289459,1
ginkgo100,26509386,1
ginkgo100,26509380,1
ginkgo100,25190658,1
ginkgo100,347105,1
ginkgo100,16937878,1
ginkgo100,1861994,1
ginkgo100,19313622,2
ginkgo100,3049456,1
ginkgo100,4273140,1
ginkgo100,27879793,2
ginkgo100,20530746,1
ginkgo100,20530743,1
ginkgo100,6536,1
ginkgo100,707501,3
ginkgo100,17539,1
ginkgo100,15771405,3
ginkgo100,8707438,1
ginkgo100,4447619,1
ginkgo100,32478049,1
ginkgo100,30728117,1
ginkgo100,30717684,3
ginkgo100,25434956,1
ginkgo100,6503360,2
ginkgo100,37789,1
ginkgo100,1241101,1
ginkgo100,16013974,3
ginkgo100,5111123,1
ginkgo100,184342,1
ginkgo100,4003535,1
ginkgo100,27036,1
ginkgo100,2988441,1
ginkgo100,17077506,1
ginkgo100,4080953,1
ginkgo100,11287720,1
ginkgo100,29098462,1
ginkgo100,211941,1
ginkgo100,16493011,1
ginkgo100,215891,1
ginkgo100,1778598,1
ginkgo100,22253888,1
ginkgo100,5193508,1
ginkgo100,16226468,1
ginkgo100,359650,2
ginkgo100,234801,1
ginkgo100,222300,1
ginkgo100,108036,1
ginkgo100,17214443,6
ginkgo100,21802302,1
ginkgo100,151603,1
ginkgo100,300237,1
ginkgo100,415406,1
ginkgo100,23113679,1
ginkgo100,16300881,1
ginkgo100,713933,1
ginkgo100,1699176,1
ginkgo100,378319,3
ginkgo100,2196281,1
ginkgo100,157430,1
ginkgo100,6767747,1
ginkgo100,42076,2
ginkgo100,16458426,2
ginkgo100,28322095,2
ginkgo100,4395648,1
ginkgo100,4354646,1
ginkgo100,22667359,1
ginkgo100,8889903,2
ginkgo100,5751,1
ginkgo100,8530,1
ginkgo100,8531,1
ginkgo100,101965,1
ginkgo100,30717693,1
ginkgo100,25716089,2
ginkgo100,58890,1
ginkgo100,67477,1
ginkgo100,26976058,1
ginkgo100,2511409,1
ginkgo100,622145,1
ginkgo100,309754,1
ginkgo100,62286,1
ginkgo100,694777,1
ginkgo100,10959269,1
ginkgo100,10923102,1
ginkgo100,3706056,3
ginkgo100,32512440,1
ginkgo100,37149,1
ginkgo100,185848,1
ginkgo100,2190792,1
ginkgo100,16493296,1
ginkgo100,2934,1
ginkgo100,21492663,1
ginkgo100,4884363,1
ginkgo100,8331292,1
ginkgo100,21772369,1
ginkgo100,1167483,1
ginkgo100,14274423,2
ginkgo100,1276616,1
ginkgo100,18835541,3
ginkgo100,2523440,1
ginkgo100,2140979,1
ginkgo100,869864,1
ginkgo100,8158530,1
ginkgo100,27879816,1
ginkgo100,1764786,1
ginkgo100,25728976,1
ginkgo100,655563,3
ginkgo100,2810990,1
ginkgo100,1527289,1
ginkgo100,2225073,1
ginkgo100,402247,1
ginkgo100,529953,1
ginkgo100,4988053,1
ginkgo100,4635792,1
ginkgo100,341844,2
ginkgo100,23539285,1
ginkgo100,4065583,1
ginkgo100,1800826,1
ginkgo100,18492290,3
ginkgo100,57179,1
ginkgo100,171216,1
ginkgo100,5552783,1
ginkgo100,22553956,1
ginkgo100,262278,1
ginkgo100,22323903,1
ginkgo100,10611656,1
ginkgo100,20940628,1
ginkgo100,7009303,1
ginkgo100,75173,1
ginkgo100,236339,1
ginkgo100,1269557,1
ginkgo100,88869,1
ginkgo100,5080640,1
ginkgo100,642577,1
ginkgo100,625565,1
ginkgo100,1699242,1
ginkgo100,412114,1
ginkgo100,1248929,1
ginkgo100,12333426,1
ginkgo100,471852,2
ginkgo100,14542509,8
ginkgo100,897576,1
ginkgo100,409978,1
ginkgo100,3123925,1
ginkgo100,13275,1
ginkgo100,999634,1
ginkgo100,20506017,1
ginkgo100,28744473,1
ginkgo100,1171509,1
ginkgo100,15606,1
ginkgo100,39696,1
ginkgo100,765,1
ginkgo100,42446,2
ginkgo100,20076,1
ginkgo100,20656228,2
ginkgo100,23277971,1
ginkgo100,25151213,3
ginkgo100,56253,1
ginkgo100,6527784,1
ginkgo100,63087,3
ginkgo100,16489842,1
ginkgo100,30717754,1
ginkgo100,31620326,1
ginkgo100,29135540,1
ginkgo100,32512451,1
ginkgo100,26304690,1
ginkgo100,28897091,2
ginkgo100,2270767,1
ginkgo100,21326132,1
ginkgo100,17214152,1
ginkgo100,58046,1
ginkgo100,185369,1
ginkgo100,32554813,1
ginkgo100,4850486,2
ginkgo100,32554818,1
ginkgo100,2277688,1
ginkgo100,4777294,1
ginkgo100,45519,1
ginkgo100,24090930,1
ginkgo100,1252,1
ginkgo100,25806,1
ginkgo100,25151208,1
ginkgo100,415293,1
ginkgo100,15624438,2
ginkgo100,16235968,1
ginkgo100,1937,1
ginkgo100,16197626,1
ginkgo100,848457,2
ginkgo100,201304,1
ginkgo100,32554219,1
ginkgo100,33333838,1
ginkgo100,866807,2
ginkgo100,34445109,1
ginkgo100,26570339,2
ginkgo100,127058,1
ginkgo100,25434939,3
ginkgo100,28051437,2
ginkgo100,188018,1
ginkgo100,100730,1
ginkgo100,714268,1
ginkgo100,2598116,1
ginkgo100,31536961,1
ginkgo100,2973296,1
ginkgo100,50601,1
ginkgo100,201017,1
ginkgo100,3439669,1
ginkgo100,27879803,1
ginkgo100,14470168,1
ginkgo100,4709696,1
ginkgo100,16198388,2
ginkgo100,32524525,1
ginkgo100,4109769,1
ginkgo100,32524520,1
ginkgo100,1865123,1
ginkgo100,14065208,1
ginkgo100,18550651,1
ginkgo100,21374882,1
ginkgo100,1328218,1
ginkgo100,893141,1
ginkgo100,3739059,1
ginkgo100,681770,1
ginkgo100,8878962,1
ginkgo100,32524419,2
ginkgo100,405839,1
ginkgo100,18266036,1
ginkgo100,1064372,1
ginkgo100,22550685,1
ginkgo100,267247,1
ginkgo100,48203,1
ginkgo100,1368229,1
ginkgo100,577576,1
ginkgo100,32967702,4
ginkgo100,14573594,1
ginkgo100,15842501,1
ginkgo100,46594,1
ginkgo100,7466,1
ke4roh,5253778,1
ke4roh,758653,3
ke4roh,34813255,1
ke4roh,29773691,1
ke4roh,34684501,1
ke4roh,7253550,1
ke4roh,69955,1
ke4roh,15077149,1
ke4roh,7393343,1
ke4roh,2448088,4
ke4roh,7264531,1
ke4roh,13332651,1
ke4roh,5508817,6
ke4roh,35582111,1
ke4roh,17418486,1
ke4roh,23958326,4
ke4roh,28622,1
ke4roh,19718874,1
ke4roh,307263,1
ke4roh,575575,1
ke4roh,2845999,2
ke4roh,1662886,1
ke4roh,171130,2
ke4roh,33394484,2
ke4roh,34813226,1
ke4roh,1461,1
ke4roh,11979169,1
ke4roh,35245603,1
ke4roh,261987,1
ke4roh,20846650,1
ke4roh,32645713,1
ke4roh,6271370,2
ke4roh,2235023,1
ke4roh,102595,1
ke4roh,1189689,1
ke4roh,1199945,1
ke4roh,34684469,1
ke4roh,711997,1
ke4roh,18612939,1
ke4roh,308915,1
ke4roh,25205811,3
ke4roh,10879587,2
ke4roh,22011721,1
ke4roh,572843,1
ke4roh,363856,2
ke4roh,1796057,1
ke4roh,362987,2
ke4roh,16785068,1
ke4roh,889377,1
ke4roh,382594,1
ke4roh,4465102,3
ke4roh,5874112,1
ke4roh,5557528,2
ke4roh,157222,1
ke4roh,154549,2
ke4roh,12541321,25
ke4roh,1239464,1
ke4roh,20584918,1
ke4roh,16768102,2
ke4roh,13692,1
ke4roh,13756164,1
ke4roh,5301417,1
ke4roh,35787067,1
ke4roh,163395,6
ke4roh,34937541,1
ke4roh,161971,1
ke4roh,35772988,1
ke4roh,7735709,1
ke4roh,186853,1
ke4roh,10541571,1
ke4roh,4026847,1
ke4roh,699247,1
ke4roh,23197167,2
ke4roh,8423780,1
ke4roh,7499420,1
ke4roh,543412,1
ke4roh,30834766,1
ke4roh,611022,1
ke4roh,15030688,1
ke4roh,5859561,2
ke4roh,32665356,1
ke4roh,24490303,2
ke4roh,18563918,1
ke4roh,32853923,1
ke4roh,11675105,1
ke4roh,29130399,3
ke4roh,33079948,24
ke4roh,98350,1
ke4roh,1543262,2
ke4roh,102605,2
ke4roh,2657868,8
ke4roh,34585537,1
ke4roh,2731946,1
ke4roh,57575,1
ke4roh,146151,1
ke4roh,35787073,1
ke4roh,6724462,1
ke4roh,383405,1
ke4roh,25736,1
ke4roh,4241857,3
ke4roh,303,1
ke4roh,20733981,5
ke4roh,69144,1
ke4roh,988975,41
ke4roh,87012,1
ke4roh,5321,1
ke4roh,32807420,1
ke4roh,32853914,1
ke4roh,114759,1
ke4roh,33783,2
ke4roh,25971,1
ke4roh,35738909,1
ke4roh,143890,3
ke4roh,1470787,1
ke4roh,36808426,1
ke4roh,35727550,1
ke4roh,592830,1
ke4roh,33895801,3
ke4roh,12232045,3
ke4roh,34494277,1
ke4roh,6233014,2
ke4roh,33651,1
ke4roh,34169427,5
ke4roh,5226267,2
ke4roh,318516,2
ke4roh,593844,3
ke4roh,33685997,1
ke4roh,25990728,2
ke4roh,35306935,1
ke4roh,25965786,1
ke4roh,79670,1
ke4roh,62345,2
ke4roh,32692615,2
ke4roh,27489177,1
ke4roh,13965157,6
ke4roh,36254084,1
ke4roh,34880949,1
ke4roh,87009,1
ke4roh,104854,1
ke4roh,32899796,1
ke4roh,5720835,1
ke4roh,2829037,3
ke4roh,10226746,1
ke4roh,135203,3
ke4roh,21844254,1
ke4roh,7979583,1
ke4roh,746070,1
ke4roh,940774,1
ke4roh,1717016,1
ke4roh,35484182,1
ke4roh,36254079,1
ke4roh,2491857,1
ke4roh,572830,1
ke4roh,4514305,2
ke4roh,625197,1
ke4roh,801578,1
ke4roh,14960830,1
ke4roh,314626,1
ke4roh,23554820,2
ke4roh,11007252,1
ke4roh,28612895,1
ke4roh,35545674,1
ke4roh,31630387,1
ke4roh,3014842,2
ke4roh,213242,1
ke4roh,6266230,1
ke4roh,1149687,1
ke4roh,1401672,1
ke4roh,8570283,1
ke4roh,2608725,2
ke4roh,33477112,1
ke4roh,33008190,2
ke4roh,27358495,1
ke4roh,31855860,1
ke4roh,5737369,3
ke4roh,336285,1
ke4roh,2407040,2
ke4roh,2829162,1
ke4roh,34684421,8
ke4roh,504394,1
ke4roh,573160,1
ke4roh,19302309,1
ke4roh,2011,1
ke4roh,26764193,1
ke4roh,3009153,1
ke4roh,91740,3
ke4roh,23780234,1
ke4roh,34342752,1
ke4roh,432459,1
ke4roh,16768897,2
ke4roh,34540617,8
ke4roh,8635479,1
ke4roh,185973,1
ke4roh,27629790,1
ke4roh,14977629,1
ke4roh,32853921,1
ke4roh,11524854,3
ke4roh,35740920,17
ke4roh,5510148,1
ke4roh,32718984,1
ke4roh,22554980,1
ke4roh,4282934,1
ke4roh,1970,1
ke4roh,2373169,1
ke4roh,34684521,1
ke4roh,474121,1
ke4roh,34684454,1
ke4roh,710471,1
ke4roh,6522312,4
ke4roh,22411601,1
ke4roh,600624,1
ke4roh,5011504,1
ke4roh,473612,1
ke4roh,2335673,1
ke4roh,74202,1
ke4roh,21844439,3
ke4roh,93566,1
ke4roh,1315426,1
ke4roh,128297,1
ke4roh,14257222,2
ke4roh,2975219,1
ke4roh,2931869,1
ke4roh,91713,3
ke4roh,23035,1
ke4roh,14553883,3
ke4roh,34814879,1
ke4roh,12139185,1
ke4roh,171123,2
ke4roh,21650,1
ke4roh,585576,3
ke4roh,631374,1
ke4roh,3133984,1
ke4roh,34822211,1
ke4roh,5995659,1
ke4roh,4011838,3
ke4roh,4858049,2
ke4roh,295341,3
ke4roh,7362822,7
ke4roh,286478,3
ke4roh,5576664,2
ke4roh,53576,1
ke4roh,6581126,2
ke4roh,13925151,1
ke4roh,173506,1
ke4roh,26947559,1
ke4roh,905957,4
ke4roh,361392,1
ke4roh,22127415,1
ke4roh,5540651,1
ke4roh,36191868,1
ke4roh,199033,1
ke4roh,31392103,2
ke4roh,196523,3
ke4roh,148869,2
ke4roh,21717959,1
stephanwehner,178749,1
stephanwehner,10017908,1
stephanwehner,1609989,1
stephanwehner,2262333,1
stephanwehner,12548913,1
stephanwehner,284925,1
stephanwehner,1649321,2
stephanwehner,39343,1
stephanwehner,4572,1
stephanwehner,1026799,1
stephanwehner,26471,1
stephanwehner,2193537,1
stephanwehner,33928241,2
stephanwehner,101919,1
stephanwehner,9223,1
stephanwehner,505449,1
stephanwehner,10790339,1
stephanwehner,41879,1
stephanwehner,509009,1
stephanwehner,26421781,1
stephanwehner,28168,1
stephanwehner,16095,1
stephanwehner,47641,1
stephanwehner,23550923,4
stephanwehner,6184,1
stephanwehner,622545,1
stephanwehner,1217979,3
stephanwehner,64719,1
stephanwehner,1678619,2
stephanwehner,619925,1
stephanwehner,1941523,1
stephanwehner,9764107,1
stephanwehner,252543,1
stephanwehner,446056,2
stephanwehner,213202,1
stephanwehner,23243880,1
stephanwehner,5256974,1
stephanwehner,2973673,1
stephanwehner,66393,1
stephanwehner,797653,1
stephanwehner,4054664,1
stephanwehner,7055037,1
stephanwehner,1283449,3
stephanwehner,340867,1
stephanwehner,155414,1
stephanwehner,3708321,1
stephanwehner,17939,1
stephanwehner,5044573,2
stephanwehner,20646438,2
stephanwehner,1572255,2
stephanwehner,1471836,1
stephanwehner,21289,1
stephanwehner,184903,3
stephanwehner,256322,1
stephanwehner,5524054,1
stephanwehner,164910,1
stephanwehner,2677564,1
stephanwehner,17910885,1
stephanwehner,12083679,3
stephanwehner,3296177,1
stephanwehner,5838658,1
stephanwehner,81590,1
stephanwehner,18933400,1
stephanwehner,36233760,1
fanf,31797,2
fanf,531162,1
fanf,28304073,10
fanf,529967,1
fanf,1162065,4
fanf,30056,1
fanf,3093466,2
fanf,531732,5
fanf,3578829,1
fanf,531046,1
fanf,18155,2
fanf,13636,4
fanf,100076,1
fanf,1759543,1
fanf,19461027,1
fanf,5103474,1
fanf,31089076,1
fanf,19019,1
fanf,1439939,2
fanf,18436536,1
fanf,893689,1
fanf,2614324,1
fanf,78011,1
fanf,3402793,1
fanf,9896305,1
fanf,28587,1
fanf,337389,1
fanf,375785,1
fanf,30990924,1
fanf,653998,10
fanf,5356051,1
fanf,147438,3
fanf,30570375,1
fanf,23685094,1
fanf,48600,1
fanf,149848,2
fanf,6010,1
fanf,14744,2
fanf,6549044,1
fanf,14097392,1
fanf,296074,4
fanf,625653,1
fanf,5314244,3
fanf,297010,1
fanf,18932830,1
fanf,531733,1
fanf,892736,1
fanf,23941708,1
fanf,1557738,1
fanf,32493,1
fanf,28308656,1
fanf,1104882,1
fanf,12684962,1
fanf,86344,4
fanf,556296,1
fanf,9646,1
fanf,25673787,1
fanf,15020,1
fanf,181361,2
fanf,531613,1
fanf,5218,1
fanf,530991,1
fanf,309358,1
fanf,1195560,1
fanf,10677545,1
fanf,20624,2
fanf,34341,1
fanf,23697764,1
fanf,585336,2
fanf,327523,1
fanf,198977,1
fanf,34509,1
fanf,11797805,1
fanf,2360464,1
fanf,11178099,1
fanf,531760,1
fanf,150287,1
fanf,17839,1
fanf,531566,2
fanf,150044,1
fanf,240527,1
fanf,531688,1
fanf,294545,6
fanf,34332,1
fanf,5879,2
fanf,67436,1
fanf,180326,1
fanf,24484686,5
fanf,893561,1
fanf,14254136,1
fanf,223016,2
fanf,29253,1
fanf,10251,4
fanf,31804,4
fanf,8237971,1
fanf,1771747,2
fanf,11018,1
fanf,31803,1
fanf,20989785,1
fanf,16552524,1
fanf,529776,4
fanf,2826681,1
fanf,498089,6
fanf,7968527,1
fanf,6484015,1
fanf,373721,1
fanf,531336,1
fanf,4223800,1
fanf,55941,2
fanf,39434,1
fanf,3062858,1
fanf,10187530,2
fanf,380586,1
fanf,2594501,1
fanf,24504672,1
fanf,531705,1
fanf,157265,2
fanf,144146,5
fanf,28211,2
fanf,11600033,1
fanf,670570,5
fanf,532495,2
fanf,1045988,3
fanf,43315,2
fanf,28684,1
fanf,25978572,1
fanf,570428,1
fanf,23957383,1
fanf,531186,2
fanf,12197034,1
fanf,12663390,1
fanf,566484,2
fanf,28754352,1
fanf,11459078,1
fanf,530987,1
fanf,1209287,1
fanf,9365537,1
fanf,52070,1
fanf,376723,1
fanf,7580554,1
fanf,226636,1
fanf,40642,1
fanf,403357,3
fanf,531686,2
fanf,1101069,3
fanf,478091,1
fanf,1631700,1
fanf,672127,1
fanf,472463,1
fanf,4965560,1
fanf,28368,3
fanf,1845456,1
fanf,18005948,1
fanf,213462,1
fanf,529379,1
fanf,480307,1
warpflyght,15598695,2
warpflyght,6722435,1
warpflyght,8072339,1
warpflyght,8454212,3
warpflyght,889697,7
warpflyght,3630457,1
warpflyght,6911609,3
warpflyght,8557389,2
warpflyght,163395,1
warpflyght,2891685,1
warpflyght,4936306,2
warpflyght,14740555,1
warpflyght,26825,1
warpflyght,11692305,1
warpflyght,7450395,1
warpflyght,2196912,2
warpflyght,13212778,1
warpflyght,327786,1
warpflyght,10705678,1
warpflyght,1936223,1
warpflyght,12215456,1
warpflyght,1684531,1
warpflyght,3186510,1
warpflyght,2196857,10
warpflyght,62761,1
warpflyght,9739,1
warpflyght,1856419,2
warpflyght,7853993,1
warpflyght,339616,1
warpflyght,9208454,1
warpflyght,334876,1
warpflyght,1660576,1
warpflyght,36541,1
warpflyght,109508,19
warpflyght,310802,1
warpflyght,651876,2
warpflyght,517952,1
warpflyght,7097646,7
warpflyght,10036866,1
warpflyght,385467,1
warpflyght,1529629,1
warpflyght,475101,1
warpflyght,4573728,4
warpflyght,1010280,1
warpflyght,617947,1
warpflyght,7471,1
warpflyght,40594,1
warpflyght,3138,15
warpflyght,1027216,1
warpflyght,61645,1
warpflyght,3618498,1
warpflyght,72806,1
warpflyght,224225,1
warpflyght,1178217,1
warpflyght,173394,1
warpflyght,8753550,2
warpflyght,115678,1
warpflyght,1025498,1
warpflyght,14945828,1
warpflyght,109900,1
warpflyght,1215341,3
warpflyght,536669,4
warpflyght,3015787,21
warpflyght,1738919,1
warpflyght,1863543,1
warpflyght,3432996,1
warpflyght,454975,4
warpflyght,6452,1
warpflyght,431301,1
warpflyght,632132,1
warpflyght,1741022,11
warpflyght,1258520,1
warpflyght,391011,2
warpflyght,8012153,1
warpflyght,4098593,3
warpflyght,34327739,1
warpflyght,13149,1
warpflyght,95214,10
warpflyght,146704,1
warpflyght,232711,1
warpflyght,14426142,5
warpflyght,79604,1
warpflyght,3652354,3
warpflyght,847661,1
warpflyght,703561,1
warpflyght,3998480,1
warpflyght,1411624,1
warpflyght,327808,2
warpflyght,11338590,2
warpflyght,25536,1
warpflyght,49603,10
warpflyght,20557247,1
warpflyght,3355809,1
warpflyght,109816,1
warpflyght,7460657,1
warpflyght,65580,1
warpflyght,1539021,4
warpflyght,784723,1
warpflyght,1716633,1
warpflyght,65504,1
warpflyght,5800885,4
warpflyght,4936508,1
warpflyght,12666722,1
warpflyght,106680,1
warpflyght,2471093,1
warpflyght,85023,1
warpflyght,17549768,1
warpflyght,160020,5
warpflyght,109162,21
warpflyght,879191,1
warpflyght,505920,1
warpflyght,3052573,2
warpflyght,2403518,1
warpflyght,418558,1
warpflyght,356074,2
warpflyght,1603248,1
warpflyght,122283,10
warpflyght,9708680,1
warpflyght,1481564,2
warpflyght,349335,1
warpflyght,2375038,1
warpflyght,654611,1
warpflyght,3583863,1
warpflyght,8555844,2
warpflyght,34846,1
warpflyght,4157940,1
warpflyght,11439394,1
warpflyght,1750033,1
warpflyght,1138357,1
warpflyght,1012818,1
warpflyght,12882237,1
warpflyght,6839904,1
warpflyght,1769160,1
warpflyght,75118,1
warpflyght,16217079,1
warpflyght,1122841,2
warpflyght,805879,1
warpflyght,143541,1
warpflyght,1215420,1
warpflyght,7840016,5
warpflyght,527084,1
warpflyght,6597242,1
warpflyght,17549751,1
warpflyght,2663092,1
warpflyght,3998660,1
warpflyght,25657,1
warpflyght,109738,15
warpflyght,8841749,1
warpflyght,342207,1
warpflyght,5844481,1
warpflyght,9096497,1
warpflyght,461524,2
warpflyght,38847,1
warpflyght,9232,2
warpflyght,37231,1
warpflyght,2647312,1
warpflyght,704778,9
warpflyght,108093,1
warpflyght,4567001,1
warpflyght,8550588,2
warpflyght,13701359,1
warpflyght,15221398,1
warpflyght,152534,1
warpflyght,72357,1
warpflyght,159063,1
warpflyght,66460,1
warpflyght,3828146,1
warpflyght,1016446,1
warpflyght,962509,1
warpflyght,7797981,1
warpflyght,705068,1
warpflyght,75478,1
warpflyght,20110967,1
warpflyght,3183878,1
warpflyght,1527679,1
warpflyght,2058878,1
warpflyght,1171760,1
warpflyght,137471,1
warpflyght,2001664,1
warpflyght,3773618,2
warpflyght,3280746,2
warpflyght,7735733,1
warpflyght,1128611,1
warpflyght,6847247,1
warpflyght,1687023,1
warpflyght,31396195,2
warpflyght,4390032,1
warpflyght,12327,1
warpflyght,320118,1
warpflyght,2213191,1
warpflyght,37671,1
warpflyght,50399,1
warpflyght,11692230,2
warpflyght,110139,1
warpflyght,959434,1
warpflyght,3551820,1
warpflyght,768464,1
warpflyght,43953,4
warpflyght,43950,10
warpflyght,73188,14
warpflyght,2926287,1
warpflyght,7090886,2
warpflyght,1874251,1
warpflyght,2599087,1
warpflyght,867489,1
warpflyght,2173406,1
warpflyght,8915120,1
warpflyght,103155,1
warpflyght,2196968,1
warpflyght,43795,1
warpflyght,106653,32
warpflyght,355908,1
warpflyght,596911,1
warpflyght,28486339,19
Cadwaladr,22504,1
Cadwaladr,89775,1
Cadwaladr,23878,1
Cadwaladr,5658,1
Cadwaladr,23206,1
Cadwaladr,16489070,2
Cadwaladr,18093,1
Cadwaladr,1170995,1
Cadwaladr,31085401,1
Cadwaladr,16253826,1
Cadwaladr,18449273,1
Cadwaladr,352733,2
Cadwaladr,4465464,1
Cadwaladr,231065,2
Cadwaladr,19914843,2
Cadwaladr,22704997,1
Cadwaladr,22076,1
Cadwaladr,175531,1
Cadwaladr,2723752,1
Cadwaladr,17011,5
Cadwaladr,2981230,1
Cadwaladr,7053,1
Cadwaladr,54317,2
Cadwaladr,13193885,1
Cadwaladr,22734912,1
Cadwaladr,17132648,1
Cadwaladr,5038134,2
Cadwaladr,7682366,1
Cadwaladr,367585,1
Cadwaladr,72227,1
Cadwaladr,2340343,2
Cadwaladr,11109808,1
Cadwaladr,2734725,1
Cadwaladr,2228434,1
Cadwaladr,70369,1
Cadwaladr,251485,1
Cadwaladr,31752,1
Cadwaladr,1449827,2
Cadwaladr,286012,2
Cadwaladr,2460,1
Cadwaladr,54048,1
Cadwaladr,33550,1
Cadwaladr,45597,1
Cadwaladr,43536,1
Cadwaladr,179572,1
Cadwaladr,18451040,2
Cadwaladr,1388325,2
Cadwaladr,18213,3
Cadwaladr,11579,1
Cadwaladr,711997,1
Cadwaladr,1814699,1
Cadwaladr,855220,1
Cadwaladr,160575,1
Cadwaladr,761313,1
Cadwaladr,14992,1
Cadwaladr,5068752,1
Cadwaladr,3769379,1
Cadwaladr,4823890,1
Cadwaladr,402750,1
Cadwaladr,9429158,1
Cadwaladr,12415416,1
Cadwaladr,7316,2
Cadwaladr,22830375,1
Cadwaladr,330091,1
Cadwaladr,3217530,1
Cadwaladr,83537,4
Cadwaladr,284163,1
Cadwaladr,13149979,1
Cadwaladr,1095160,1
Cadwaladr,372920,1
Cadwaladr,180362,3
Cadwaladr,45503,4
Cadwaladr,716765,1
Cadwaladr,25013517,1
Cadwaladr,621845,1
Cadwaladr,185083,1
Cadwaladr,2004204,1
Cadwaladr,323592,1
Cadwaladr,318215,1
Cadwaladr,16890,1
Cadwaladr,25067088,1
Cadwaladr,59701,1
Cadwaladr,2909,3
Cadwaladr,15920,1
Cadwaladr,536767,1
Cadwaladr,19128855,1
Cadwaladr,14457,1
Cadwaladr,3173054,2
Cadwaladr,12984,1
Cadwaladr,89251,1
Cadwaladr,27650538,1
Cadwaladr,302068,2
Cadwaladr,11438045,1
Cadwaladr,4749651,1
Cadwaladr,38257,2
Cadwaladr,74321,1
Cadwaladr,2443993,2
Cadwaladr,50477,2
Cadwaladr,586075,1
Cadwaladr,195216,1
Cadwaladr,1966185,1
Cadwaladr,289795,1
Cadwaladr,4675402,1
Cadwaladr,270445,3
Cadwaladr,142123,1
Cadwaladr,333496,1
Cadwaladr,18307589,2
Cadwaladr,169409,2
Cadwaladr,26301156,1
Cadwaladr,23618119,1
Cadwaladr,47628,1
Cadwaladr,43619,2
Cadwaladr,14129466,9
Cadwaladr,33153,4
Cadwaladr,952214,1
Cadwaladr,1467228,1
Cadwaladr,8286923,1
Cadwaladr,29570267,1
Cadwaladr,44403,1
Cadwaladr,22861361,1
Cadwaladr,16808,2
Cadwaladr,24721900,2
Cadwaladr,14775,2
Cadwaladr,523770,1
Cadwaladr,7499159,2
Cadwaladr,5489,1
Cadwaladr,20347,5
Cadwaladr,249326,1
Cadwaladr,2341363,6
Cadwaladr,5853545,1
Cadwaladr,20545,5
Cadwaladr,996192,1
Cadwaladr,4804207,1
Cadwaladr,2405253,1
Cadwaladr,25432731,1
Cadwaladr,797291,2
Cadwaladr,18717883,3
Cadwaladr,600841,2
Cadwaladr,380741,2
Cadwaladr,472278,1
Cadwaladr,14283,1
Cadwaladr,29381,1
Cadwaladr,10243986,1
Cadwaladr,407847,1
Cadwaladr,33306,1
Cadwaladr,22385461,2
Cadwaladr,3208905,1
Cadwaladr,13554,1
Cadwaladr,65178,3
Cadwaladr,23704557,2
Cadwaladr,256611,1
Cadwaladr,21231,4
Cadwaladr,783023,1
Cadwaladr,32203923,1
Cadwaladr,19859,5
Cadwaladr,75515,1
Cadwaladr,25015033,1
Cadwaladr,23857044,1
Cadwaladr,287991,1
Cadwaladr,17199866,1
Cadwaladr,1589081,1
Cadwaladr,73212,1
Cadwaladr,28165728,1
Cadwaladr,1101633,1
Cadwaladr,119247,1
Cadwaladr,313530,2
Cadwaladr,9324,2
Cadwaladr,46356,1
Cadwaladr,854,1
Cadwaladr,20611083,2
Cadwaladr,1555636,1
Cadwaladr,1524606,2
Cadwaladr,152833,1
Cadwaladr,15038191,1
Cadwaladr,38011,3
Cadwaladr,462490,1
Cadwaladr,3363,1
Cadwaladr,292279,2
Cadwaladr,1281022,1
Cadwaladr,25447,2
Cadwaladr,2689,1
Cadwaladr,6786927,1
Cadwaladr,3212,9
Cadwaladr,859747,1
Cadwaladr,34226,1
Cadwaladr,2763571,1
Cadwaladr,27122,1
Cadwaladr,25169562,1
Cadwaladr,19590,2
Cadwaladr,4925,1
Cadwaladr,14834691,4
Cadwaladr,161013,1
Cadwaladr,12366,1
Cadwaladr,64235,2
Cadwaladr,145096,1
Cadwaladr,4166493,1
Cadwaladr,420661,4
Cadwaladr,19916686,1
Cadwaladr,27737946,1
Cadwaladr,200966,4
Cadwaladr,2273121,1
Cadwaladr,140807,1
Cadwaladr,4724491,2
Cadwaladr,173400,1
Cadwaladr,22984,1
Cadwaladr,37782,2
Cadwaladr,2559629,1
Cadwaladr,2270846,1
Cadwaladr,203785,1
Cadwaladr,1623,1
Cadwaladr,195306,1
Cadwaladr,4399,3
Cadwaladr,11258,4
Cadwaladr,1614244,1
Cadwaladr,2566958,1
Cadwaladr,26779,1
Cadwaladr,783,1
Cadwaladr,14208,2
Cadwaladr,34932571,1
Cadwaladr,6359,1
Cadwaladr,2750170,2
Cadwaladr,43380,4
Cadwaladr,500451,1
Cadwaladr,24307192,1
Cadwaladr,376898,1
Cadwaladr,146573,1
Cadwaladr,21442111,1
Cadwaladr,207190,1
Cadwaladr,519666,1
Cadwaladr,29969,6
Cadwaladr,49892,2
Cadwaladr,65433,3
Cadwaladr,30864931,1
Cadwaladr,21327279,1
Cadwaladr,3979684,1
Cadwaladr,27737940,1
Cadwaladr,17238114,2
Cadwaladr,309409,2
Cadwaladr,274057,1
Cadwaladr,24502385,2
Cadwaladr,2938643,1
Cadwaladr,31309416,1
Cadwaladr,77414,1
Cadwaladr,3376492,1
Cadwaladr,14091,3
Cadwaladr,149243,2
Cadwaladr,848561,1
Cadwaladr,782230,1
Cadwaladr,390672,2
Cadwaladr,19308640,1
Cadwaladr,5269876,3
Cadwaladr,715193,1
Cadwaladr,19230710,1
Cadwaladr,426404,2
Cadwaladr,3162905,1
Cadwaladr,680871,1
Cadwaladr,155117,4
Cadwaladr,3955536,1
Cadwaladr,764148,3
Cadwaladr,234141,1
Cadwaladr,1597987,1
Cadwaladr,299461,1
Cadwaladr,3877024,1
Cadwaladr,31086707,1
Cadwaladr,217201,1
Cadwaladr,1165940,1
Cadwaladr,25885543,3
Cadwaladr,23684226,1
Cadwaladr,8524,1
Cadwaladr,11236984,5
Cadwaladr,151585,1
Cadwaladr,43421,3
Cadwaladr,199775,1
Cadwaladr,887147,1
Cadwaladr,1646294,1
Cadwaladr,1709766,1
Cadwaladr,16992,1
Cadwaladr,14640471,2
Cadwaladr,10023921,1
Cadwaladr,13942,1
Cadwaladr,18701436,1
Cadwaladr,45324,1
Cadwaladr,5040937,2
Cadwaladr,87418,3
Cadwaladr,62153,1
Cadwaladr,9792,2
Cadwaladr,10410626,1
Cadwaladr,8295096,2
Cadwaladr,472866,1
Cadwaladr,26584221,1
Cadwaladr,28198410,1
Cadwaladr,6388260,13
Cadwaladr,6270699,1
Cadwaladr,2088,3
Cadwaladr,76959,1
Cadwaladr,238972,1
Cadwaladr,22069800,2
Cadwaladr,23998041,8
Cadwaladr,1880951,1
Cadwaladr,23789438,1
Cadwaladr,14648851,1
Cadwaladr,36911266,1
Cadwaladr,2661424,1
Cadwaladr,1673723,2
Cadwaladr,470734,1
Cadwaladr,58880,2
Cadwaladr,1106818,2
Cadwaladr,24009433,1
Cadwaladr,54743,1
Cadwaladr,13865,1
Cadwaladr,1762389,1
Cadwaladr,3567020,1
Cadwaladr,45159,1
Cadwaladr,17419097,1
Cadwaladr,2703758,3
07bargem,7870652,2
07bargem,3085726,1
07bargem,22971009,1
07bargem,26616873,1
07bargem,9896988,1
07bargem,1642000,2
07bargem,30440822,1
07bargem,3415614,1
07bargem,3690173,1
07bargem,23596556,1
07bargem,21086384,5
07bargem,8048977,1
07bargem,6083977,1
07bargem,3331070,1
07bargem,26410537,1
07bargem,31418753,3
07bargem,5975272,1
07bargem,639926,1
07bargem,560563,1
07bargem,16707963,4
07bargem,31466657,1
07bargem,2861230,2
07bargem,8219410,1
07bargem,2898933,1
07bargem,27646373,10
07bargem,31417644,1
07bargem,26352500,1
07bargem,31465966,1
07bargem,15163175,4
07bargem,84627,1
07bargem,23088407,1
07bargem,31496968,1
07bargem,7660842,1
07bargem,23834214,1
07bargem,25789759,2
07bargem,26616699,1
07bargem,27965301,27
07bargem,8219428,1
07bargem,7998661,2
07bargem,31455348,8
07bargem,27830442,83
07bargem,13928526,1
07bargem,31477070,2
07bargem,26698544,1
07bargem,21508375,2
07bargem,365376,1
07bargem,534280,2
07bargem,2122384,1
07bargem,31842021,2
07bargem,31507832,1
07bargem,1827694,1
07bargem,34609551,1
07bargem,7885111,1
07bargem,31498563,2
07bargem,27581485,2
07bargem,27731706,1
07bargem,3340585,1
07bargem,539375,2
07bargem,79508,1
07bargem,7061437,1
07bargem,31091121,1
07bargem,4503223,1
07bargem,429743,1
07bargem,27804117,5
07bargem,3794961,3
07bargem,32744507,15
07bargem,31407692,3
07bargem,5682770,1
07bargem,31448103,2
07bargem,31466205,2
07bargem,3225418,1
07bargem,12683469,1
07bargem,31468751,3
07bargem,8049067,1
07bargem,27647989,1
07bargem,1779964,1
07bargem,27648077,3
07bargem,31507880,2
07bargem,1826119,4
07bargem,5777110,1
07bargem,31448992,6
07bargem,3303229,1
07bargem,8164553,2
07bargem,3360754,1
07bargem,27342161,4
07bargem,27657514,2
07bargem,23359783,1
07bargem,31478015,2
07bargem,23088594,4
07bargem,771553,1
07bargem,21747860,1
07bargem,217536,5
07bargem,5555879,1
07bargem,567323,1
07bargem,4462971,1
07bargem,1797312,1
07bargem,3629444,1
07bargem,8219344,1
07bargem,11099297,3
07bargem,8049016,1
07bargem,1826090,2
07bargem,27646662,6
07bargem,32006878,9
07bargem,8163830,1
07bargem,23725099,21
07bargem,23088339,1
07bargem,3275069,1
07bargem,35069473,1
07bargem,240578,1
07bargem,31459141,1
07bargem,31476763,4
07bargem,31459147,2
07bargem,27680728,2
07bargem,31456502,1
07bargem,27590499,1
07bargem,31405477,2
07bargem,27590496,1
07bargem,8049004,1
07bargem,31081882,1
07bargem,31497486,3
07bargem,4294,1
07bargem,8163741,1
07bargem,30557220,1
07bargem,31481647,3
07bargem,7998162,1
07bargem,27657632,2
07bargem,6826248,1
07bargem,31481524,1
07bargem,1699417,1
07bargem,35389443,1
07bargem,1393019,1
07bargem,9898341,1
07bargem,31421074,7
07bargem,591778,3
07bargem,5264591,1
07bargem,9823371,1
07bargem,20971637,3
07bargem,33864215,1
07bargem,4826905,2
07bargem,8048494,1
07bargem,27647809,5
07bargem,1231355,1
07bargem,1826147,1
07bargem,8164509,1
07bargem,23734703,2
07bargem,11108921,1
07bargem,79787,1
07bargem,317001,1
07bargem,31448597,1
07bargem,27591617,8
07bargem,31459160,2
07bargem,26708799,1
07bargem,7873246,1
07bargem,8386244,1
07bargem,13828,1
07bargem,25558854,4
07bargem,9898390,1
07bargem,31459560,1
07bargem,27648129,4
07bargem,26945571,3
07bargem,10792437,1
07bargem,31675664,4
07bargem,27564214,37
07bargem,3795013,4
07bargem,8219390,1
07bargem,31430937,2
07bargem,6036,2
07bargem,11824537,12
Koman90,5096279,1
Koman90,758905,1
Koman90,71996,1
Koman90,412205,1
Koman90,187482,1
Koman90,4727235,1
Koman90,929394,1
Koman90,21128138,3
Koman90,151799,1
Koman90,12610483,1
Koman90,326123,1
Koman90,27814100,3
Koman90,15564259,1
Koman90,278025,1
Koman90,197489,1
Koman90,7674562,2
Koman90,31441675,2
Koman90,15854175,27
Koman90,363734,1
Koman90,473097,1
Koman90,89388,3
Koman90,24001304,2
Koman90,526868,1
Koman90,2906333,1
Koman90,748670,1
Koman90,7670893,22
Koman90,750830,6
Koman90,1652437,6
Koman90,456838,1
Koman90,23715667,1
Koman90,154549,1
Koman90,8111362,1
Koman90,4047442,3
Koman90,7439181,1
Koman90,18774429,1
Koman90,1351756,1
Koman90,2797986,1
Koman90,24573,1
Koman90,5134242,4
Koman90,408072,1
Koman90,16090138,2
Koman90,536576,2
Koman90,4502754,1
Koman90,2447806,2
Koman90,3190097,2
Koman90,27775127,2
Koman90,8934260,2
Koman90,569005,2
Koman90,24001014,3
Koman90,304833,1
Koman90,18415485,1
Koman90,27584121,2
Koman90,750854,3
Koman90,18399902,1
Koman90,16575110,2
Koman90,18619278,1
Koman90,1861502,1
Koman90,9494667,6
Koman90,18016796,1
Koman90,24755801,1
Koman90,18724,1
Koman90,5136671,7
Koman90,13440573,1
Koman90,1004868,4
Koman90,2281448,2
Koman90,24806506,2
Koman90,2281361,1
Koman90,468631,1
Koman90,23018642,7
Koman90,23533163,45
Koman90,13340828,1
Koman90,32844829,18
Koman90,23058553,1
Koman90,5442405,1
Koman90,2289648,3
Koman90,4669804,1
Koman90,465434,1
Koman90,1164253,1
Koman90,2126501,1
Koman90,832574,1
Koman90,6088510,1
Koman90,210892,4
Koman90,4453260,1
Koman90,10292532,1
Koman90,2355379,1
Koman90,59695,1
Koman90,32242976,1
Koman90,17847167,1
Koman90,384375,1
Koman90,1527679,98
Koman90,3160118,16
Koman90,2229030,1
Koman90,25140600,12
Koman90,176595,1
Koman90,10062721,1
Koman90,32716,2
Koman90,28338635,1
Koman90,5187493,3
Koman90,13440544,1
Koman90,7415938,1
Koman90,476813,1
Koman90,288448,1
Koman90,6600912,1
Koman90,37563,2
Koman90,4046286,2
Koman90,15854211,30
Koman90,1011484,1
Koman90,556778,1
Koman90,15854193,31
Koman90,32351211,12
Koman90,4730032,1
Koman90,19133401,13
Koman90,770289,2
Koman90,24536639,4
jokestress,37163625,1
jokestress,34911598,1
jokestress,37091739,1
jokestress,36967179,2
jokestress,2386125,1
jokestress,37091730,1
jokestress,15296435,1
jokestress,37016813,1
jokestress,37016818,1
jokestress,35867248,1
jokestress,37133558,1
jokestress,37133651,1
jokestress,36958481,1
jokestress,37133657,1
jokestress,37165433,1
jokestress,37119841,1
jokestress,37083049,1
jokestress,37132057,1
jokestress,36987480,1
jokestress,37166907,1
jokestress,37164878,1
jokestress,37164871,1
jokestress,36987068,1
jokestress,37165328,1
jokestress,36655621,1
jokestress,37165326,1
jokestress,37090222,7
jokestress,37082814,1
jokestress,37082818,1
jokestress,36966029,1
jokestress,25872274,1
jokestress,1161770,1
jokestress,29652558,1
jokestress,36987981,1
jokestress,37131954,1
jokestress,37020194,1
jokestress,37029945,1
jokestress,37162892,1
jokestress,37163256,1
jokestress,37162894,1
jokestress,813666,7
jokestress,10897780,1
jokestress,36988230,1
jokestress,37157861,1
jokestress,28248120,1
jokestress,37162878,1
jokestress,37162873,1
jokestress,37162875,1
jokestress,36958538,1
jokestress,2849636,5
jokestress,36967131,1
jokestress,37091170,1
jokestress,36966035,1
jokestress,37016815,1
jokestress,37157691,1
jokestress,8919813,1
jokestress,5867972,1
jokestress,37164042,1
jokestress,37003684,1
jokestress,37003688,1
jokestress,37020191,2
jokestress,36968662,1
jokestress,36968660,1
jokestress,37020198,1
jokestress,36968668,1
jokestress,37131939,3
jokestress,37003701,1
jokestress,37003702,1
jokestress,9732183,1
jokestress,37082788,1
jokestress,6910317,1
jokestress,37160271,1
jokestress,36966103,1
jokestress,37165368,1
jokestress,36966107,1
jokestress,36966106,1
jokestress,37133560,1
jokestress,1534707,1
jokestress,37133563,1
jokestress,37133566,1
jokestress,37003363,1
jokestress,36980238,1
jokestress,36980233,1
jokestress,20968197,2
jokestress,37009731,1
jokestress,37198955,1
jokestress,36967091,1
jokestress,37164825,1
jokestress,37131942,1
jokestress,37159552,1
jokestress,37003385,1
jokestress,37026264,1
jokestress,37026265,1
jokestress,36975068,1
jokestress,37026261,1
jokestress,36958427,1
jokestress,36958486,1
jokestress,36958423,1
jokestress,37009609,1
jokestress,36958420,1
jokestress,29896926,1
jokestress,37008606,1
jokestress,37102279,6
jokestress,9130643,1
jokestress,37102282,1
jokestress,37102285,1
jokestress,37102287,1
jokestress,37163147,1
jokestress,13949405,2
jokestress,37157958,1
jokestress,37157955,1
jokestress,37082773,1
jokestress,37105259,1
jokestress,37103259,2
jokestress,37010747,1
jokestress,37157677,1
jokestress,37163140,1
jokestress,37016808,1
jokestress,37138991,1
jokestress,37157934,1
jokestress,37165031,3
jokestress,37198166,1
jokestress,37165035,1
jokestress,1529108,1
jokestress,37163123,1
jokestress,37159478,5
jokestress,37157721,1
jokestress,37128841,1
jokestress,37003141,1
jokestress,44501,1
jokestress,37141629,1
jokestress,37164866,1
jokestress,37164863,1
jokestress,36966038,1
jokestress,37159516,1
jokestress,37159512,1
jokestress,37159519,1
jokestress,36966037,1
jokestress,37163307,1
jokestress,37003389,1
jokestress,36278310,1
jokestress,37082829,1
jokestress,70153,1
jokestress,10729400,1
jokestress,36987124,1
jokestress,37164818,1
jokestress,1350289,2
jokestress,2364890,1
jokestress,37159605,1
jokestress,37159564,1
jokestress,37162883,1
jokestress,37159567,1
jokestress,37159569,1
jokestress,37163063,1
jokestress,558512,1
jokestress,37157859,1
jokestress,37162869,1
jokestress,37162900,1
jokestress,37162903,1
jokestress,37162860,1
jokestress,15978332,1
jokestress,3186793,1
jokestress,37163056,1
jokestress,199318,1
jokestress,37105227,1
jokestress,37157685,1
jokestress,37157680,1
jokestress,32600810,3
jokestress,37159566,1
jokestress,744116,2
jokestress,366505,1
jokestress,36987433,1
jokestress,36958424,1
jokestress,37091309,1
jokestress,37091307,1
jokestress,37163937,1
jokestress,37091303,1
jokestress,15829150,1
jokestress,37163112,1
jokestress,28064166,2
jokestress,37160263,1
jokestress,37160260,1
jokestress,37160266,1
jokestress,1493556,1
jokestress,37083183,1
jokestress,37163695,1
jokestress,12995128,1
jokestress,37133577,1
jokestress,37160269,1
jokestress,37083024,1
jokestress,36958429,1
jokestress,37003379,1
jokestress,25218856,4
jokestress,36967086,1
jokestress,37131956,1
jokestress,37003395,1
jokestress,37163434,1
jokestress,36958418,1
jokestress,36958419,1
jokestress,36988246,1
jokestress,37163182,1
jokestress,36958410,1
jokestress,37163187,1
jokestress,37164094,1
jokestress,37141584,1
jokestress,25454225,2
jokestress,29621629,3
jokestress,13323619,1
jokestress,37163236,1
jokestress,37105260,1
jokestress,36966098,1
jokestress,37157966,1
jokestress,7595223,1
jokestress,37157969,1
jokestress,36966096,1
jokestress,36958484,1
jokestress,5488304,1
jokestress,37163095,1
jokestress,37141647,1
jokestress,36971371,1
jokestress,37160188,1
jokestress,37160183,1
jokestress,36987466,1
jokestress,37003137,1
jokestress,37141631,1
jokestress,37141633,1
jokestress,37164890,1
jokestress,105980,1
jokestress,37165348,2
jokestress,37082831,1
jokestress,4559602,1
jokestress,37131719,1
jokestress,104998,2
jokestress,37133582,1
jokestress,7840349,7
jokestress,37016758,1
jokestress,37016756,1
jokestress,18958659,1
jokestress,5246849,1
jokestress,37157832,1
jokestress,28248175,1
jokestress,37157836,1
jokestress,37164800,1
jokestress,37164804,1
jokestress,37159573,1
jokestress,37159574,1
jokestress,36975045,1
jokestress,2031535,1
jokestress,37162850,1
jokestress,36967115,1
jokestress,36967114,1
jokestress,37008571,1
jokestress,36967110,1
jokestress,3258292,2
jokestress,37017133,1
jokestress,37029934,1
jokestress,37166899,2
jokestress,37157932,1
jokestress,938083,1
jokestress,37157936,1
jokestress,37003144,1
jokestress,7073056,1
jokestress,37003140,1
jokestress,37011209,1
jokestress,37011207,1
jokestress,37141635,1
jokestress,1829433,1
jokestress,37159543,1
jokestress,37003133,30
jokestress,36987422,2
jokestress,37160259,1
jokestress,37020150,4
jokestress,37083196,1
jokestress,99717,1
jokestress,37083050,1
jokestress,37164792,1
jokestress,37164790,1
jokestress,36980219,6
jokestress,37168072,1
jokestress,37168073,1
jokestress,9528093,1
jokestress,37164847,1
jokestress,20026879,2
jokestress,37164842,1
jokestress,25045051,1
jokestress,37165334,1
jokestress,37165332,1
jokestress,37165333,1
jokestress,37082807,1
jokestress,167634,2
jokestress,36958407,1
jokestress,1119888,1
jokestress,37164126,1
jokestress,37002636,1
jokestress,37162840,1
jokestress,6916694,4
jokestress,37163247,1
jokestress,37163325,1
jokestress,36958479,1
jokestress,1967299,1
jokestress,36988225,1
jokestress,37157972,3
jokestress,36958472,1
jokestress,36958474,1
jokestress,37020205,1
jokestress,37157759,1
jokestress,37020200,1
jokestress,37091302,1
jokestress,9766751,1
jokestress,36967121,1
jokestress,36967123,1
jokestress,21059779,4
jokestress,32185672,1
jokestress,29600913,1
jokestress,37163144,1
jokestress,580862,1
jokestress,37141654,1
jokestress,37020291,12
jokestress,37157729,1
jokestress,5513185,1
jokestress,37157723,1
jokestress,37003696,1
jokestress,37003699,1
jokestress,598919,1
jokestress,36968657,1
jokestress,37016914,1
jokestress,37164883,1
jokestress,37163919,1
jokestress,37163910,1
jokestress,37020742,1
jokestress,2116447,2
jokestress,11800085,1
jokestress,32954499,1
jokestress,37015930,2
jokestress,4821221,1
jokestress,37003356,1
jokestress,37003355,2
jokestress,37003354,1
jokestress,36980227,1
jokestress,37157821,1
jokestress,37157824,1
jokestress,37157829,1
jokestress,37198291,1
jokestress,37198292,1
jokestress,37164837,1
jokestress,37164834,1
jokestress,531953,1
jokestress,27997314,1
jokestress,36958537,1
jokestress,36958536,1
jokestress,36966180,1
jokestress,3252766,1
jokestress,37038415,1
jokestress,36958431,1
jokestress,36958432,1
jokestress,37164177,1
jokestress,37008806,1
jokestress,12912332,1
jokestress,37162843,1
jokestress,198689,1
jokestress,37008802,1
jokestress,36991870,7
jokestress,36958540,1
jokestress,5945201,1
jokestress,37198187,1
jokestress,37163218,1
jokestress,36990515,1
jokestress,37165157,2
jokestress,37165398,1
jokestress,72947,1
jokestress,37157948,1
jokestress,37157949,1
jokestress,23534036,1
jokestress,151788,1
jokestress,37157945,1
jokestress,36958545,1
