username,likelyMatch
Donvin55,UNKNOWN
MastaBaba,UNKNOWN
nicole1083,UNKNOWN
ellenbwright,UNKNOWN
rubiromero,UNKNOWN
BrentJamesMusic,UNKNOWN
ankurpshah,UNKNOWN
Ningauble,UNKNOWN
cadat,UNKNOWN
Jersey_Devil,UNKNOWN
RobertGreer,UNKNOWN
JustinCHodges,UNKNOWN
tratteggio,UNKNOWN
purinkle,UNKNOWN
LaurenTonge,UNKNOWN
Schlock,UNKNOWN
strikehold,UNKNOWN
melanie_may,UNKNOWN
emijrp,UNKNOWN
discovery103,UNKNOWN
EtienneCharland,UNKNOWN
duncanmcc,UNKNOWN
AndrewShephard,UNKNOWN
blitzergrayson,UNKNOWN
ArchonMagnus,UNKNOWN
NoMercyFC,UNKNOWN
Kirkman,UNKNOWN
kelllseyy,UNKNOWN
mechellMLR,UNKNOWN
bradenz,UNKNOWN
Fried_Gold,UNKNOWN
Christiant,UNKNOWN
ultratone85,UNKNOWN
earl_andrew,UNKNOWN
Espio15,UNKNOWN
andredidier,UNKNOWN
calebrw,UNKNOWN
UnionAdam,UNKNOWN
mocha_mocha,UNKNOWN
xxxplizit,UNKNOWN
unstructured,UNKNOWN
ChessieChaney,UNKNOWN
cyan,UNKNOWN
Arcangel,UNKNOWN
artoronto,UNKNOWN
craftyran,UNKNOWN
JWSchmidt,UNKNOWN
confusador,UNKNOWN
itstimm,UNKNOWN
dimitrii,UNKNOWN
SteffyxD,UNKNOWN
Rursus,UNKNOWN
ruud_koot,UNKNOWN
teraspawn,UNKNOWN
samrolken,UNKNOWN
TheSubRosas,UNKNOWN
ninjaparade,UNKNOWN
legoktm,UNKNOWN
dragonecc,UNKNOWN
DonTello,UNKNOWN
eperickson,UNKNOWN
daisydream,UNKNOWN
elgafy,UNKNOWN
JEMIKALF,UNKNOWN
spartakan,UNKNOWN
roadapathy,UNKNOWN
Dev920,UNKNOWN
deu,UNKNOWN
accutler,UNKNOWN
Naijafinder,UNKNOWN
colorflow,UNKNOWN
peter_gallagher,UNKNOWN
KatieBNL,UNKNOWN
LaughlinJames,UNKNOWN
nudimmud,UNKNOWN
gatechjon,UNKNOWN
mattmac14,UNKNOWN
gudmundur,UNKNOWN
cibcomms,UNKNOWN
skeet_shooter,UNKNOWN
mpaley,UNKNOWN
willactivate,UNKNOWN
dergrauewolf,UNKNOWN
mrprada,UNKNOWN
a_werewolf,UNKNOWN
kjkolb,UNKNOWN
tarun2k,UNKNOWN
Snyke,UNKNOWN
colinsweet,UNKNOWN
joepeach,UNKNOWN
trivuz,UNKNOWN
floydian,UNKNOWN
billybobfred,UNKNOWN
rosiemacphee,UNKNOWN
Trepalium,UNKNOWN
dord,UNKNOWN
Justagrimeyone,UNKNOWN
annefernando,UNKNOWN
AlrightOk,UNKNOWN
shaunpress,UNKNOWN
Manhim,UNKNOWN
JRWoodwardMSW,UNKNOWN
mackensen,UNKNOWN
ddbruce,UNKNOWN
strawbeard,UNKNOWN
bjeanh1,UNKNOWN
jacobrothschild,UNKNOWN
steelwool,UNKNOWN
ReemBeadles,UNKNOWN
binarymn,UNKNOWN
DLWhitehouse,UNKNOWN
Reedy_bot,UNKNOWN
rdf,UNKNOWN
bambus,UNKNOWN
shootinshark,UNKNOWN
hakubi,UNKNOWN
davidds,UNKNOWN
lantrix,UNKNOWN
ne2,UNKNOWN
Scarian,UNKNOWN
Sunkissedguy,UNKNOWN
Volbeatfan,UNKNOWN
yogiontour,UNKNOWN
wjcook,UNKNOWN
nescio,UNKNOWN
IvoShandor,UNKNOWN
colombiana_7,UNKNOWN
tOmMyanG,UNKNOWN
jakebathman,UNKNOWN
brg,UNKNOWN
sammyrenee,UNKNOWN
nall,UNKNOWN
gavinelder,UNKNOWN
salimgates,UNKNOWN
FallenAngelEyes,UNKNOWN
syzygos,UNKNOWN
theJC,UNKNOWN
Benignuman,UNKNOWN
megamav,UNKNOWN
CowboyWisdom,UNKNOWN
Femto,UNKNOWN
Severson,UNKNOWN
danbarnesdavies,UNKNOWN
deon,UNKNOWN
cassowary,UNKNOWN
PiousRenegade,UNKNOWN
beta_m,UNKNOWN
sandpappy,UNKNOWN
FlyingToaster,UNKNOWN
demian42,UNKNOWN
StarMiner,UNKNOWN
conflictedband,UNKNOWN
disavian,UNKNOWN
ryanlindstedt,UNKNOWN
Zadkiel,UNKNOWN
tweebee,UNKNOWN
lohanj,UNKNOWN
ook,UNKNOWN
peter_mora,UNKNOWN
hardcastle,UNKNOWN
mlkmnsgrl,UNKNOWN
Animatix,UNKNOWN
AchyuthB,UNKNOWN
DanPollock,UNKNOWN
markijbema,UNKNOWN
Dashiellx,UNKNOWN
madmax,UNKNOWN
sixxtysixx,UNKNOWN
grapelli,UNKNOWN
jamieventure,UNKNOWN
Debloper,UNKNOWN
delphij,UNKNOWN
mrgeek,UNKNOWN
mh,UNKNOWN
illkagobius,UNKNOWN
GarthJones,UNKNOWN
blue_frederick,UNKNOWN
connorcreighton,UNKNOWN
UKFilmDesigner,UNKNOWN
illegalyouth,UNKNOWN
DeLandTree,UNKNOWN
Sedulus,UNKNOWN
brianduff,UNKNOWN
example,UNKNOWN
pammalamma,UNKNOWN
apparition11,UNKNOWN
baybay337,UNKNOWN
SnowmanRadio,UNKNOWN
contron,UNKNOWN
Tabletcorry,UNKNOWN
GregHarry,UNKNOWN
RichJWild,UNKNOWN
jdreed,UNKNOWN
Politico100,UNKNOWN
kusaga,UNKNOWN
pete4999,UNKNOWN
czj,UNKNOWN
Syberspace,UNKNOWN
mathbot,UNKNOWN
gsr7,UNKNOWN
omtay38,UNKNOWN
iMnement,UNKNOWN
Northernfire,UNKNOWN
ShepBot,UNKNOWN
JoelGuelph,UNKNOWN
slightsmile,UNKNOWN
stuartcarter,UNKNOWN
Nixeagle,UNKNOWN
LF,UNKNOWN
jamesyyy,UNKNOWN
OscarTheCat,UNKNOWN
madams57,UNKNOWN
cpsoper,UNKNOWN
ctunks,UNKNOWN
ImBoredALot,UNKNOWN
TimeMaps,UNKNOWN
tryzub,UNKNOWN
brian,UNKNOWN
mlzg4,UNKNOWN
chunkeroni,UNKNOWN
GeorgiaAitken,UNKNOWN
ralphie81,UNKNOWN
Gualtherus,UNKNOWN
RLandmann,UNKNOWN
jokestress,UNKNOWN
Cyberhub,UNKNOWN
DougWoodMusic,UNKNOWN
desijattt,UNKNOWN
proace,UNKNOWN
TheUSMarshall,UNKNOWN
junior_estrella,UNKNOWN
dittes,UNKNOWN
saevarom,UNKNOWN
areiamus,UNKNOWN
JustIntonation,UNKNOWN
PAS007,UNKNOWN
deanlikespie,UNKNOWN
tiagoguitar,UNKNOWN
george_wilson,UNKNOWN
Sophie,UNKNOWN
Colmenero,UNKNOWN
mikebertino,UNKNOWN
dubaduba,UNKNOWN
markkawika,UNKNOWN
alibrauda,UNKNOWN
danny,UNKNOWN
frikshun,UNKNOWN
give_it_up,UNKNOWN
rsskga,UNKNOWN
joeldebo,UNKNOWN
rickyrazz,UNKNOWN
mugabuga,UNKNOWN
davidbrooks,UNKNOWN
Windows_Me,UNKNOWN
nancy,UNKNOWN
alekxia,UNKNOWN
AlAmmar,UNKNOWN
radinomiharjo,UNKNOWN
jasonbrennan,UNKNOWN
northerndreams,UNKNOWN
sidewinder,UNKNOWN
vars,UNKNOWN
MDebets,UNKNOWN
28Bytes,UNKNOWN
Rediscoverer,UNKNOWN
ydlaz30,UNKNOWN
chancebliss,UNKNOWN
entity,UNKNOWN
kkplease,UNKNOWN
phalacee,UNKNOWN
tim_osborne,UNKNOWN
Chaython,UNKNOWN
ocaoca,UNKNOWN
Siebrand,UNKNOWN
mikeportes,UNKNOWN
handsomedan,UNKNOWN
ZenDoodles,UNKNOWN
panther3751,UNKNOWN
john_carter,UNKNOWN
SteveMcCluskey,UNKNOWN
daveespionage,UNKNOWN
TerriO,UNKNOWN
fcassia,UNKNOWN
LoganLopez,UNKNOWN
andrew_duffell,UNKNOWN
Syndicate,UNKNOWN
mrmojorisin,UNKNOWN
JHarris,UNKNOWN
gargoylebot,UNKNOWN
blackdaniel,UNKNOWN
politicsislife,UNKNOWN
Nepomuk,UNKNOWN
MarkCTest,UNKNOWN
Lympathy,UNKNOWN
wilson_ang81,UNKNOWN
Sedward,UNKNOWN
xpoisonfreex,UNKNOWN
turian,UNKNOWN
beznas,UNKNOWN
Sengkang,UNKNOWN
respiro,UNKNOWN
Instantis,UNKNOWN
rsjeyakumar,UNKNOWN
Mike_Young,UNKNOWN
dukeare1,UNKNOWN
kimon,UNKNOWN
cuthead,UNKNOWN
tyw7,UNKNOWN
AjaylaM,UNKNOWN
marukusu,UNKNOWN
silverwzw,UNKNOWN
Swarm,UNKNOWN
tracef,UNKNOWN
Crazywolf,UNKNOWN
Mrd9,UNKNOWN
Redstonesoldier,UNKNOWN
Rich_Gould,UNKNOWN
pantalimon,UNKNOWN
infowest,UNKNOWN
ICEGURU,UNKNOWN
Phr3d,UNKNOWN
rcat35,UNKNOWN
Fitoschido,UNKNOWN
btilm,UNKNOWN
catchiso,UNKNOWN
twsx,UNKNOWN
Jesse_Richards,UNKNOWN
GreatBigBore,UNKNOWN
VibsK,UNKNOWN
Chris_Roy,UNKNOWN
extreme_ironing,UNKNOWN
Jetstreamer,UNKNOWN
cmadler,UNKNOWN
Angelica_Brown,UNKNOWN
mde,UNKNOWN
riochoa,UNKNOWN
KarthikTantri,UNKNOWN
MBisanz,UNKNOWN
bigmonachus,UNKNOWN
london1112,UNKNOWN
vexroid,UNKNOWN
vcs,UNKNOWN
Fromanteel,UNKNOWN
zozart,UNKNOWN
moayadcom,UNKNOWN
BradPlummer,UNKNOWN
gral,UNKNOWN
TeeRebel,UNKNOWN
newsline,UNKNOWN
BabyCreech,UNKNOWN
bagusbagus,UNKNOWN
born2flie,UNKNOWN
nemishman,UNKNOWN
xenocidic,UNKNOWN
GabeReal,UNKNOWN
jeanpol,UNKNOWN
Spitfire19,UNKNOWN
hypersonicboom,UNKNOWN
xojycyjox,UNKNOWN
kirkbroadhurst,UNKNOWN
eliezer,UNKNOWN
jr105,UNKNOWN
jasonlimon,UNKNOWN
RSSewell,UNKNOWN
frgonzalez,UNKNOWN
krishnavedala,UNKNOWN
johndbuell,UNKNOWN
jakew,UNKNOWN
Boston,UNKNOWN
Sadartha,UNKNOWN
SindaAran,UNKNOWN
Pourkayvan,UNKNOWN
GoneAFK,UNKNOWN
DevilK9,UNKNOWN
MahoneyRed,UNKNOWN
maonao,UNKNOWN
Feco,UNKNOWN
KylePIB,UNKNOWN
Octane,UNKNOWN
rrothberg,UNKNOWN
teaparty1,UNKNOWN
CeC,UNKNOWN
ConjurusRex,UNKNOWN
poovannan,UNKNOWN
CSTUDVILL,UNKNOWN
adrianseeley,UNKNOWN
jordon1991,UNKNOWN
dominoesfall,UNKNOWN
markpesci,UNKNOWN
itskristine,UNKNOWN
bloodarowman,UNKNOWN
gormos,UNKNOWN
hardindr,UNKNOWN
AlisonW,UNKNOWN
sasukekun22,UNKNOWN
DavidZennie,UNKNOWN
millsdavid,UNKNOWN
TheSquare,UNKNOWN
nouvelleauteur,UNKNOWN
satROHraj,UNKNOWN
TNGEO,UNKNOWN
cquan,UNKNOWN
ctsinclair,UNKNOWN
lady_ev,UNKNOWN
sly_si,UNKNOWN
cuzza,UNKNOWN
JonDel,UNKNOWN
JonJontheSON,UNKNOWN
Popcornlung,UNKNOWN
chaser,UNKNOWN
john,UNKNOWN
Haschel47,UNKNOWN
Tarfah,UNKNOWN
dcmacnut,UNKNOWN
kevinbrogers,UNKNOWN
thechooster,UNKNOWN
omegatron,UNKNOWN
PaulKnoxxx,UNKNOWN
Suraj_Sharma,UNKNOWN
krisblade,UNKNOWN
steamrunner,UNKNOWN
jaredhendler,UNKNOWN
jakeyboy1989,UNKNOWN
MDGX,UNKNOWN
nathos,UNKNOWN
_the,UNKNOWN
Wolfdog,UNKNOWN
tkalsang,UNKNOWN
brinleyang,UNKNOWN
Too_Much_To_Ask,UNKNOWN
vrsoze,UNKNOWN
FuR,UNKNOWN
danmux,UNKNOWN
mu301,UNKNOWN
DrKull,UNKNOWN
dextrose,UNKNOWN
BlackJacob,UNKNOWN
harkain,UNKNOWN
Carlys,UNKNOWN
sinceretarot,UNKNOWN
corezion,UNKNOWN
turbo74,UNKNOWN
ACDCbag,UNKNOWN
DerwiG,UNKNOWN
alexd,UNKNOWN
aucaman,UNKNOWN
abyssal,UNKNOWN
aestetix,UNKNOWN
kober,UNKNOWN
fetchcomms,UNKNOWN
henrytdsimmons,UNKNOWN
millionaireman,UNKNOWN
JackTrades,UNKNOWN
Ruby2010,UNKNOWN
pb30,UNKNOWN
amithchandhran,UNKNOWN
scottykai,UNKNOWN
rident,UNKNOWN
ChrisKennedy,UNKNOWN
zutano,UNKNOWN
patrickneil,UNKNOWN
MissingLeftSock,UNKNOWN
thecitizen,UNKNOWN
blakeallred,UNKNOWN
AndrewBarbisan,UNKNOWN
timnelson,UNKNOWN
Ste,UNKNOWN
david_5000,UNKNOWN
djtask,UNKNOWN
matthew,UNKNOWN
afrodriguezg,UNKNOWN
jeshaka,UNKNOWN
Oceana,UNKNOWN
jtbelliott,UNKNOWN
MedeaMelana,UNKNOWN
gjon,UNKNOWN
Schifanoia,UNKNOWN
89ak,UNKNOWN
Bombom,UNKNOWN
kuja,UNKNOWN
aminamilin,UNKNOWN
NITV,UNKNOWN
farain,UNKNOWN
Brandon_Thomas6,UNKNOWN
cherylsweb20,UNKNOWN
ashley_y,UNKNOWN
Hesperian,UNKNOWN
fcn,UNKNOWN
louisbourque,UNKNOWN
Bear_Driver,UNKNOWN
markreidyhp,UNKNOWN
ganeshglits,UNKNOWN
kf,UNKNOWN
hfleming,UNKNOWN
dvyjones,UNKNOWN
ke4roh,UNKNOWN
FallsStart,UNKNOWN
Nihiltres,UNKNOWN
tsandler,UNKNOWN
pengo,UNKNOWN
blumster,UNKNOWN
Wavelength,UNKNOWN
ginkgo100,UNKNOWN
MasterMasar,UNKNOWN
alijean,UNKNOWN
Camewel,UNKNOWN
ragesoss,UNKNOWN
gulker,UNKNOWN
CHAGUAL,UNKNOWN
King_Gemini,UNKNOWN
Leeirons,UNKNOWN
champagneblue,UNKNOWN
julianonions,UNKNOWN
paperfork,UNKNOWN
Gluckman,UNKNOWN
MZajac,UNKNOWN
emccall7791,UNKNOWN
forseti,UNKNOWN
Dave_Hatton,UNKNOWN
melodycurtiss,UNKNOWN
concreto,UNKNOWN
leigh,UNKNOWN
macros,UNKNOWN
tschoffelen,UNKNOWN
ravivyas84,UNKNOWN
mcpaige,UNKNOWN
dafrwi,UNKNOWN
Fred,UNKNOWN
dice1976,UNKNOWN
medical_woman,UNKNOWN
PaulGauguin,UNKNOWN
rosspatterson,UNKNOWN
Junior_Rookie,UNKNOWN
FataL,UNKNOWN
akxiang,UNKNOWN
andreafox,UNKNOWN
ctome3,UNKNOWN
jsmallz1,UNKNOWN
richardf,UNKNOWN
davemon,UNKNOWN
Kazuki_Ashiya,UNKNOWN
andrew_writes,UNKNOWN
The_Viper,UNKNOWN
soumyeah,UNKNOWN
tommynoble,UNKNOWN
stoa,UNKNOWN
alexander,UNKNOWN
rfr,UNKNOWN
belamp,UNKNOWN
normxxx,UNKNOWN
lfaraone,UNKNOWN
GabbielSan,UNKNOWN
Jeremiad,UNKNOWN
wcoenen,UNKNOWN
lumen0,UNKNOWN
timetoshare,UNKNOWN
openbysource,UNKNOWN
nexione,UNKNOWN
mdhowe,UNKNOWN
AimanStudio,UNKNOWN
Lcawte,UNKNOWN
besenok,UNKNOWN
rarita,UNKNOWN
JohnCastle,UNKNOWN
Cadwaladr,UNKNOWN
RoboDick,UNKNOWN
ganesha,UNKNOWN
JerryLaGrou,UNKNOWN
EjBanks,UNKNOWN
uuade,UNKNOWN
foxfire0160,UNKNOWN
stephanwehner,UNKNOWN
eagletusk,UNKNOWN
BenBalter,UNKNOWN
Chadiz,UNKNOWN
pcreux,UNKNOWN
megamanfan3,UNKNOWN
johnchavens,UNKNOWN
Pridit,UNKNOWN
thecoolguy4ever,UNKNOWN
JadeSnake,UNKNOWN
z3lim,UNKNOWN
rstens,UNKNOWN
erimus,UNKNOWN
radiohost,UNKNOWN
fanf,UNKNOWN
paulmcdonald,UNKNOWN
florstein,UNKNOWN
tgeairn,UNKNOWN
RK77,UNKNOWN
dlee37,UNKNOWN
alan_chambers,UNKNOWN
Koman90,UNKNOWN
wongbombs,UNKNOWN
jacoblake,UNKNOWN
warpflyght,UNKNOWN
Wolf7,UNKNOWN
Maelwys,UNKNOWN
John_Corona,UNKNOWN
LanternRouge,UNKNOWN
vincereed,UNKNOWN
waynema,UNKNOWN
callmechelsea,UNKNOWN
martenjan,UNKNOWN
shawphy,UNKNOWN
daims09,UNKNOWN
07bargem,UNKNOWN
nihonjoe,UNKNOWN
moverton,UNKNOWN
TunnelingPigeon,UNKNOWN
jablan,UNKNOWN
brasker,UNKNOWN
with_lemon,UNKNOWN
nyletak,UNKNOWN
c,UNKNOWN
Zoofari,UNKNOWN
thakiddsupreme,UNKNOWN
tacosunday,UNKNOWN
jacobltobin,UNKNOWN
radmilce,UNKNOWN
Minouris,UNKNOWN
the_menace,UNKNOWN
sunilbajpai,UNKNOWN
TonytheTiger,UNKNOWN
aeural,UNKNOWN
pdh,UNKNOWN
vramdal,UNKNOWN
aWESome311,UNKNOWN
Cygnus360,UNKNOWN
mijopo,UNKNOWN
AbbieG,UNKNOWN
gadig,UNKNOWN
vikingstad,UNKNOWN
usagi1400,UNKNOWN
mike_nobody,UNKNOWN
thoughtcriminal,UNKNOWN
dabuek,UNKNOWN
Hanargh,UNKNOWN
tree2020,UNKNOWN
IDFINE,UNKNOWN
BrotherE,UNKNOWN
ChrisGriswold,UNKNOWN
ozgurdogan,UNKNOWN
tripledot,UNKNOWN
yasirmturk,UNKNOWN
lidyadya,UNKNOWN
cmrdra,UNKNOWN
zyxw59,UNKNOWN
newbliss,UNKNOWN
sam,UNKNOWN
ntfs,UNKNOWN
AndiNell,UNKNOWN
johnkarp,UNKNOWN
ospalh,UNKNOWN
bhvilar,UNKNOWN
orangetrousers,UNKNOWN
pigpogm,UNKNOWN
davidmizrachi,UNKNOWN
LeonimuZ,UNKNOWN
MattyWillow,UNKNOWN
mkjeong,UNKNOWN
moink,UNKNOWN
stevecrow74,UNKNOWN
ajmint,UNKNOWN
Mestre_Oda,UNKNOWN
allthewhile,UNKNOWN
renatogontijo,UNKNOWN
Snickersnee,UNKNOWN
Pevensie,UNKNOWN
tsnd,UNKNOWN
GaryWill,UNKNOWN
metabolome,UNKNOWN
stormwind,UNKNOWN
hidrnick,UNKNOWN
gmaxwell,UNKNOWN
DylanAndColeFan,UNKNOWN
SoWhy,UNKNOWN
sexytyranno,UNKNOWN
WheelsDeals,UNKNOWN
firemangreg,UNKNOWN
KRG,UNKNOWN
impavidus,UNKNOWN
Lou_Franklin,UNKNOWN
robdylan,UNKNOWN
Possicon,UNKNOWN
thehistorygeek,UNKNOWN
xnightfallx,UNKNOWN
theborg,UNKNOWN
DHadams,UNKNOWN
filmyguy,UNKNOWN
Oly,UNKNOWN
jriddell,UNKNOWN
TheSecondKira,UNKNOWN
CapitalR,UNKNOWN
illintechnology,UNKNOWN
megpoid,UNKNOWN
Geeka2,UNKNOWN
Frobro22,UNKNOWN
bigdwiki,UNKNOWN
ajg12594,UNKNOWN
marianian,UNKNOWN
gigigraceyc,UNKNOWN
soulboost,UNKNOWN
engal,UNKNOWN
goschko,UNKNOWN
darrenhusted,UNKNOWN
YBAband,UNKNOWN
ukanime,UNKNOWN
ulor,UNKNOWN
andrew_nutter,UNKNOWN
Cabano17,UNKNOWN
Pomtidom,UNKNOWN
nevilley,UNKNOWN
DeathPhoenix,UNKNOWN
dhn,UNKNOWN
kaffro,UNKNOWN
piginthepoke,UNKNOWN
josve05a,UNKNOWN
cbecker,UNKNOWN
enfcer,UNKNOWN
jhall1,UNKNOWN
hello_bon,UNKNOWN
Matthew_Yeager,UNKNOWN
bahaish,UNKNOWN
eladior,UNKNOWN
lpangelrob,UNKNOWN
daphnepassa,UNKNOWN
tondalink,UNKNOWN
CheezNapkin,UNKNOWN
MrTea,UNKNOWN
nicdumz,UNKNOWN
lms0023,UNKNOWN
Chickenmonkey,UNKNOWN
ALoyalAmerican,UNKNOWN
haylon,UNKNOWN
maidden,UNKNOWN
bobraines,UNKNOWN
millrjess,UNKNOWN
JonEastham,UNKNOWN
SNiedo,UNKNOWN
ronanperceval,UNKNOWN
imdeng,UNKNOWN
pateln01,UNKNOWN
Krator,UNKNOWN
jedi9,UNKNOWN
tigger89,UNKNOWN
giov9,UNKNOWN
MicroChip123,UNKNOWN
varungarde,UNKNOWN
seor,UNKNOWN
kellan_standley,UNKNOWN
canonlaw,UNKNOWN
Magi42,UNKNOWN
ocbaker,UNKNOWN
but_no,UNKNOWN
gerryLowry1947,UNKNOWN
octopusouphut,UNKNOWN
Opaninba,UNKNOWN
Wim_B,UNKNOWN
zsoverman,UNKNOWN
davidgrove,UNKNOWN
kamalaakar,UNKNOWN
FiberOptix,UNKNOWN
grantb,UNKNOWN
NoTicket,UNKNOWN
hjv,UNKNOWN
laidlaw,UNKNOWN
tariqwest,UNKNOWN
Flying_Hamster,UNKNOWN
hseldon10,UNKNOWN
bigtreecountry,UNKNOWN
BruceRenny,UNKNOWN
pewski,UNKNOWN
trumpetsizzle,UNKNOWN
jimktrains,UNKNOWN
colchester,UNKNOWN
alvestrand,UNKNOWN
missreed,UNKNOWN
britneylopez,UNKNOWN
kmikeym,UNKNOWN
BirgitteSB,UNKNOWN
peter_campbell,UNKNOWN
Dottorre,UNKNOWN
woodstock,UNKNOWN
James094,UNKNOWN
Nick_R,UNKNOWN
bellhalla,UNKNOWN
Kithira,UNKNOWN
Keakealani,UNKNOWN
dyaimz,UNKNOWN
nicolaosborne,UNKNOWN
s_marshall,UNKNOWN
Jayjay,UNKNOWN
Galadh,UNKNOWN
Keta,UNKNOWN
MrChris,UNKNOWN
Hotdogger666,UNKNOWN
GeorgeWingate,UNKNOWN
Frankenroc,UNKNOWN
chaserz,UNKNOWN
terrapin,UNKNOWN
AlexandraVino,UNKNOWN
Lamorak,UNKNOWN
Fethroesforia,UNKNOWN
iain_g_scott,UNKNOWN
patrick,UNKNOWN
freekamia,UNKNOWN
soap,UNKNOWN
ConorMartin1996,UNKNOWN
HPJoker,UNKNOWN
nerd2max,UNKNOWN
DestinyRae,UNKNOWN
ksy3,UNKNOWN
madwriter9,UNKNOWN
Starstorm231,UNKNOWN
AndrewvdBK,UNKNOWN
Nick_Smale,UNKNOWN
Silent,UNKNOWN
serpentium,UNKNOWN
ryantriggs,UNKNOWN
andyzaft,UNKNOWN
nHelke,UNKNOWN
intellijean,UNKNOWN
paulej,UNKNOWN
FunPhil,UNKNOWN
mlpearc,UNKNOWN
are_dee,UNKNOWN
Lprsti99,UNKNOWN
mllerustad,UNKNOWN
ohemsted,UNKNOWN
gary_kirk,UNKNOWN
scratchedguitar,UNKNOWN
jamessssssssss,UNKNOWN
dmgeo,UNKNOWN
JaJaon,UNKNOWN
Terri_G,UNKNOWN
jarrodtrainque,UNKNOWN
ravenswing,UNKNOWN
bsoft,UNKNOWN
kaippally,UNKNOWN
theKAIN,UNKNOWN
KevinGoolsby,UNKNOWN
new_england,UNKNOWN
darkhorizon,UNKNOWN
t,UNKNOWN
ReggaeDelgado,UNKNOWN
Footwarrior,UNKNOWN
numbertwopencil,UNKNOWN
safirahsyai,UNKNOWN
jezmck,UNKNOWN
iconoclash,UNKNOWN
Maz204,UNKNOWN
Stephenjamesx,UNKNOWN
Bob,UNKNOWN
LittleBigPlanet,UNKNOWN
Richard,UNKNOWN
jofergus,UNKNOWN
suniltams,UNKNOWN
leobard,UNKNOWN
kry,UNKNOWN
paulgarner,UNKNOWN
chicocvenancio,UNKNOWN
RetroRewind,UNKNOWN
namarupa,UNKNOWN
Daniel_Ellis,UNKNOWN
tinucherian,UNKNOWN
adgedc,UNKNOWN
Wathyreckk,UNKNOWN
mattgirling,UNKNOWN
fumitol,UNKNOWN
Cameron,UNKNOWN
buzzaz,UNKNOWN
alexcruise,UNKNOWN
darac,UNKNOWN
irwinclan,UNKNOWN
j1m,UNKNOWN
blurtsmum,UNKNOWN
Nike,UNKNOWN
jmbeck,UNKNOWN
Greg_Ward,UNKNOWN
pennstatephil,UNKNOWN
Goldman60,UNKNOWN
AGlassOnion,UNKNOWN
andicat,UNKNOWN
kagato,UNKNOWN
atozxyz,UNKNOWN
bguest,UNKNOWN
NeddySeagoon,UNKNOWN
Victuallers,UNKNOWN
Fbdave,UNKNOWN
jzg,UNKNOWN
pual160,UNKNOWN
biblbroks,UNKNOWN
xixi4,UNKNOWN
TheManvils,UNKNOWN
brettz9,UNKNOWN
ricmarques,UNKNOWN
SadiquaP,UNKNOWN
kendroche,UNKNOWN
sugaki,UNKNOWN
ebello,UNKNOWN
spat,UNKNOWN
alimofun,UNKNOWN
polaron,UNKNOWN
pamparam,UNKNOWN
andouble,UNKNOWN
weepingbritney,UNKNOWN
jaga,UNKNOWN
sameboat,UNKNOWN
alexj,UNKNOWN
yonskii,UNKNOWN
DonovanCrow,UNKNOWN
PascoeVale,UNKNOWN
fenix_down,UNKNOWN
M_AlKetbi,UNKNOWN
jtdavies,UNKNOWN
letitgo315,UNKNOWN
jhissong,UNKNOWN
Bumix,UNKNOWN
Reedy,UNKNOWN
simonemonique,UNKNOWN
Desilet,UNKNOWN
Jamcob,UNKNOWN
Hopeless308,UNKNOWN
Ldonbeatz,UNKNOWN
CyclePat,UNKNOWN
ilovekorea,UNKNOWN
LucindaBrown,UNKNOWN
ppwen,UNKNOWN
srice13,UNKNOWN
d360,UNKNOWN
KyraVixen,UNKNOWN
Fred_Rio,UNKNOWN
KatelynBuress,UNKNOWN
jamesontai,UNKNOWN
Carlos_Barba,UNKNOWN
DO,UNKNOWN
jasz,UNKNOWN
joepeterpierce,UNKNOWN
gkerridge,UNKNOWN
m,UNKNOWN
Bevone,UNKNOWN
jhecht,UNKNOWN
necesita,UNKNOWN
Dereckson,UNKNOWN
andycarroll,UNKNOWN
KKJJ,UNKNOWN
PentiumIV,UNKNOWN
AfricanGenesis,UNKNOWN
albertodv,UNKNOWN
radialblur,UNKNOWN
pepo13,UNKNOWN
SpaceMakers,UNKNOWN
Porton,UNKNOWN
joshuajenkins,UNKNOWN
Rushyo,UNKNOWN
qurus,UNKNOWN
Rick_bot,UNKNOWN
42,UNKNOWN
Neobenedict,UNKNOWN
Oryzomys,UNKNOWN
ARoberts07,UNKNOWN
alby13,UNKNOWN
rawbery79,UNKNOWN
sammieseagull,UNKNOWN
zachblume,UNKNOWN
yamavu,UNKNOWN
ppgardne,UNKNOWN
STEMNET,UNKNOWN
seq23,UNKNOWN
leboism,UNKNOWN
stevei,UNKNOWN
bluemonq,UNKNOWN
skudrafan1,UNKNOWN
elijahgoforth,UNKNOWN
magpie_boss,UNKNOWN
dathill,UNKNOWN
MTVCITY2,UNKNOWN
FastLizard4,UNKNOWN
therealjan,UNKNOWN
ikluft,UNKNOWN
ciksha,UNKNOWN
Xp54321,UNKNOWN
luciuskwok,UNKNOWN
JoyousLake,UNKNOWN
jakzhumans,UNKNOWN
howardberry,UNKNOWN
VH8,UNKNOWN
yjenith,UNKNOWN
woofnet,UNKNOWN
Arteyu,UNKNOWN
SpikeToronto,UNKNOWN
DannyAmazin,UNKNOWN
lastorset,UNKNOWN
golden_eternity,UNKNOWN
gloriacox22,UNKNOWN
kakonya,UNKNOWN
jim_north,UNKNOWN
smuconlaw,UNKNOWN
Lowfly,UNKNOWN
